frame_key,reason
1D2OX.mp4/000624.png,Missing JPEG file
1D2OX.mp4/000614.png,Missing JPEG file
1D2OX.mp4/000789.png,Missing JPEG file
1D2OX.mp4/000735.png,Missing JPEG file
1D2OX.mp4/000802.png,Missing JPEG file
004QE.mp4/000217.png,"Expected dict for 'attributes', but got: <class 'list'>"
004QE.mp4/000276.png,"Expected dict for 'attributes', but got: <class 'list'>"
004QE.mp4/000312.png,"Expected dict for 'attributes', but got: <class 'list'>"
004QE.mp4/000264.png,"Expected dict for 'attributes', but got: <class 'list'>"
00NN7.mp4/000820.png,"Expected dict for 'attributes', but got: <class 'list'>"
